{
    "no_profile_img": 0.6818181818181818,
    "lang_stats": {
        "en-gb": 0.6818181818181818,
        "de": 81.36363636363636,
        "nl": 7.954545454545454,
        "es": 0.45454545454545453,
        "en": 9.545454545454545
    },
    "median_statuses_count": 9768.0,
    "no_profile_background": 28.40909090909091,
    "average_accounts_age": 1160.5136363636364,
    "no_description": 17.954545454545453,
    "edges": 439,
    "nodes": 440
}
